,ID,Count
0,2013040100,414
1,2013040101,359
2,2013040102,320
3,2013040103,284
4,2013040104,250
5,2013040105,229
6,2013040106,230
7,2013040107,239
8,2013040108,253
9,2013040109,272
10,2013040110,307
11,2013040111,341
12,2013040112,358
13,2013040113,369
14,2013040114,387
15,2013040115,401
16,2013040116,402
17,2013040117,407
18,2013040118,431
19,2013040119,459
20,2013040120,471
21,2013040121,473
22,2013040122,480
23,2013040123,465
24,2013040200,419
25,2013040201,365
26,2013040202,324
27,2013040203,289
28,2013040204,254
29,2013040205,233
30,2013040206,233
31,2013040207,244
32,2013040208,256
33,2013040209,276
34,2013040210,311
35,2013040211,345
36,2013040212,364
37,2013040213,375
38,2013040214,393
39,2013040215,407
40,2013040216,408
41,2013040217,413
42,2013040218,438
43,2013040219,466
44,2013040220,477
45,2013040221,481
46,2013040222,486
47,2013040223,472
48,2013040300,424
49,2013040301,371
50,2013040302,329
51,2013040303,293
52,2013040304,258
53,2013040305,237
54,2013040306,237
55,2013040307,247
56,2013040308,260
57,2013040309,281
58,2013040310,316
59,2013040311,351
60,2013040312,369
61,2013040313,381
62,2013040314,399
63,2013040315,414
64,2013040316,415
65,2013040317,420
66,2013040318,445
67,2013040319,474
68,2013040320,485
69,2013040321,488
70,2013040322,494
71,2013040323,479
72,2013040400,431
73,2013040401,376
74,2013040402,334
75,2013040403,298
76,2013040404,262
77,2013040405,241
78,2013040406,240
79,2013040407,251
80,2013040408,264
81,2013040409,285
82,2013040410,320
83,2013040411,356
84,2013040412,374
85,2013040413,386
86,2013040414,405
87,2013040415,420
88,2013040416,421
89,2013040417,427
90,2013040418,452
91,2013040419,481
92,2013040420,492
93,2013040421,495
94,2013040422,501
95,2013040423,486
96,2013040500,437
97,2013040501,382
98,2013040502,340
99,2013040503,302
100,2013040504,266
101,2013040505,244
102,2013040506,244
103,2013040507,255
104,2013040508,268
105,2013040509,289
106,2013040510,325
107,2013040511,361
108,2013040512,380
109,2013040513,392
110,2013040514,412
111,2013040515,427
112,2013040516,428
113,2013040517,434
114,2013040518,460
115,2013040519,489
116,2013040520,500
117,2013040521,503
118,2013040522,508
119,2013040523,493
120,2013040600,443
121,2013040601,388
122,2013040602,345
123,2013040603,307
124,2013040604,270
125,2013040605,248
126,2013040606,248
127,2013040607,259
128,2013040608,272
129,2013040609,294
130,2013040610,330
131,2013040611,366
132,2013040612,386
133,2013040613,398
134,2013040614,418
135,2013040615,434
136,2013040616,435
137,2013040617,441
138,2013040618,467
139,2013040619,496
140,2013040620,507
141,2013040621,510
142,2013040622,516
143,2013040623,500
144,2013040700,450
145,2013040701,393
146,2013040702,350
147,2013040703,312
148,2013040704,275
149,2013040705,252
150,2013040706,252
151,2013040707,263
152,2013040708,277
153,2013040709,298
154,2013040710,335
155,2013040711,372
156,2013040712,391
157,2013040713,404
158,2013040714,424
159,2013040715,440
160,2013040716,442
161,2013040717,448
162,2013040718,474
163,2013040719,504
164,2013040720,515
165,2013040721,518
166,2013040722,523
167,2013040723,507
168,2013040800,457
169,2013040801,399
170,2013040802,356
171,2013040803,317
172,2013040804,279
173,2013040805,257
174,2013040806,256
175,2013040807,268
176,2013040808,281
177,2013040809,303
178,2013040810,340
179,2013040811,377
180,2013040812,397
181,2013040813,410
182,2013040814,431
183,2013040815,447
184,2013040816,449
185,2013040817,455
186,2013040818,482
187,2013040819,512
188,2013040820,523
189,2013040821,526
190,2013040822,531
191,2013040823,515
192,2013040900,463
193,2013040901,405
194,2013040902,361
195,2013040903,322
196,2013040904,284
197,2013040905,261
198,2013040906,260
199,2013040907,272
200,2013040908,285
201,2013040909,307
202,2013040910,345
203,2013040911,383
204,2013040912,403
205,2013040913,417
206,2013040914,438
207,2013040915,454
208,2013040916,456
209,2013040917,462
210,2013040918,490
211,2013040919,520
212,2013040920,531
213,2013040921,534
214,2013040922,539
215,2013040923,522
216,2013041000,470
217,2013041001,411
218,2013041002,367
219,2013041003,327
220,2013041004,288
221,2013041005,265
222,2013041006,264
223,2013041007,276
224,2013041008,290
225,2013041009,312
226,2013041010,350
227,2013041011,388
228,2013041012,409
229,2013041013,423
230,2013041014,444
231,2013041015,461
232,2013041016,463
233,2013041017,470
234,2013041018,497
235,2013041019,528
236,2013041020,539
237,2013041021,542
238,2013041022,547
239,2013041023,530
240,2013041100,477
241,2013041101,418
242,2013041102,372
243,2013041103,332
244,2013041104,293
245,2013041105,269
246,2013041106,269
247,2013041107,280
248,2013041108,294
249,2013041109,317
250,2013041110,355
251,2013041111,394
252,2013041112,415
253,2013041113,429
254,2013041114,451
255,2013041115,469
256,2013041116,471
257,2013041117,477
258,2013041118,505
259,2013041119,536
260,2013041120,547
261,2013041121,550
262,2013041122,555
263,2013041123,537
264,2013041200,484
265,2013041201,424
266,2013041202,378
267,2013041203,337
268,2013041204,297
269,2013041205,274
270,2013041206,273
271,2013041207,285
272,2013041208,299
273,2013041209,321
274,2013041210,360
275,2013041211,400
276,2013041212,421
277,2013041213,436
278,2013041214,458
279,2013041215,476
280,2013041216,478
281,2013041217,485
282,2013041218,513
283,2013041219,544
284,2013041220,555
285,2013041221,558
286,2013041222,563
287,2013041223,545
288,2013041300,491
289,2013041301,430
290,2013041302,384
291,2013041303,342
292,2013041304,302
293,2013041305,278
294,2013041306,277
295,2013041307,289
296,2013041308,303
297,2013041309,326
298,2013041310,366
299,2013041311,406
300,2013041312,428
301,2013041313,442
302,2013041314,465
303,2013041315,484
304,2013041316,486
305,2013041317,493
306,2013041318,521
307,2013041319,553
308,2013041320,564
309,2013041321,566
310,2013041322,571
311,2013041323,553
312,2013041400,498
313,2013041401,437
314,2013041402,390
315,2013041403,348
316,2013041404,307
317,2013041405,283
318,2013041406,282
319,2013041407,294
320,2013041408,308
321,2013041409,331
322,2013041410,371
323,2013041411,412
324,2013041412,434
325,2013041413,449
326,2013041414,473
327,2013041415,491
328,2013041416,494
329,2013041417,501
330,2013041418,530
331,2013041419,561
332,2013041420,572
333,2013041421,575
334,2013041422,579
335,2013041423,561
336,2013041500,506
337,2013041501,443
338,2013041502,396
339,2013041503,353
340,2013041504,312
341,2013041505,287
342,2013041506,286
343,2013041507,299
344,2013041508,313
345,2013041509,336
346,2013041510,377
347,2013041511,418
348,2013041512,440
349,2013041513,456
350,2013041514,480
351,2013041515,499
352,2013041516,501
353,2013041517,509
354,2013041518,538
355,2013041519,570
356,2013041520,581
357,2013041521,583
358,2013041522,588
359,2013041523,569
360,2013041600,513
361,2013041601,450
362,2013041602,402
363,2013041603,359
364,2013041604,317
365,2013041605,292
366,2013041606,291
367,2013041607,303
368,2013041608,318
369,2013041609,342
370,2013041610,383
371,2013041611,424
372,2013041612,447
373,2013041613,463
374,2013041614,487
375,2013041615,507
376,2013041616,509
377,2013041617,517
378,2013041618,547
379,2013041619,579
380,2013041620,590
381,2013041621,592
382,2013041622,597
383,2013041623,577
384,2013041700,521
385,2013041701,457
386,2013041702,408
387,2013041703,364
388,2013041704,322
389,2013041705,297
390,2013041706,296
391,2013041707,308
392,2013041708,323
393,2013041709,347
394,2013041710,388
395,2013041711,430
396,2013041712,454
397,2013041713,470
398,2013041714,495
399,2013041715,515
400,2013041716,518
401,2013041717,525
402,2013041718,555
403,2013041719,588
404,2013041720,599
405,2013041721,601
406,2013041722,605
407,2013041723,586
408,2013041800,528
409,2013041801,464
410,2013041802,414
411,2013041803,370
412,2013041804,327
413,2013041805,301
414,2013041806,300
415,2013041807,313
416,2013041808,328
417,2013041809,352
418,2013041810,394
419,2013041811,437
420,2013041812,460
421,2013041813,477
422,2013041814,502
423,2013041815,523
424,2013041816,526
425,2013041817,534
426,2013041818,564
427,2013041819,597
428,2013041820,608
429,2013041821,610
430,2013041822,614
431,2013041823,594
432,2013041900,536
433,2013041901,471
434,2013041902,420
435,2013041903,376
436,2013041904,332
437,2013041905,306
438,2013041906,305
439,2013041907,318
440,2013041908,333
441,2013041909,357
442,2013041910,400
443,2013041911,443
444,2013041912,467
445,2013041913,484
446,2013041914,510
447,2013041915,531
448,2013041916,534
449,2013041917,542
450,2013041918,573
451,2013041919,607
452,2013041920,618
453,2013041921,619
454,2013041922,623
455,2013041923,603
456,2013042000,544
457,2013042001,478
458,2013042002,427
459,2013042003,382
460,2013042004,338
461,2013042005,311
462,2013042006,310
463,2013042007,323
464,2013042008,338
465,2013042009,363
466,2013042010,406
467,2013042011,450
468,2013042012,474
469,2013042013,492
470,2013042014,518
471,2013042015,539
472,2013042016,543
473,2013042017,551
474,2013042018,582
475,2013042019,616
476,2013042020,627
477,2013042021,629
478,2013042022,632
479,2013042023,612
480,2013042100,552
481,2013042101,485
482,2013042102,433
483,2013042103,388
484,2013042104,343
485,2013042105,316
486,2013042106,315
487,2013042107,328
488,2013042108,343
489,2013042109,368
490,2013042110,412
491,2013042111,456
492,2013042112,481
493,2013042113,499
494,2013042114,526
495,2013042115,548
496,2013042116,551
497,2013042117,560
498,2013042118,592
499,2013042119,626
500,2013042120,637
501,2013042121,638
502,2013042122,642
503,2013042123,621
504,2013042200,560
505,2013042201,492
506,2013042202,440
507,2013042203,394
508,2013042204,349
509,2013042205,321
510,2013042206,320
511,2013042207,333
512,2013042208,348
513,2013042209,374
514,2013042210,418
515,2013042211,463
516,2013042212,489
517,2013042213,507
518,2013042214,534
519,2013042215,556
520,2013042216,560
521,2013042217,569
522,2013042218,601
523,2013042219,635
524,2013042220,646
525,2013042221,648
526,2013042222,651
527,2013042223,630
528,2013042300,568
529,2013042301,500
530,2013042302,447
531,2013042303,400
532,2013042304,354
533,2013042305,327
534,2013042306,325
535,2013042307,338
536,2013042308,354
537,2013042309,380
538,2013042310,424
539,2013042311,470
540,2013042312,496
541,2013042313,515
542,2013042314,542
543,2013042315,565
544,2013042316,569
545,2013042317,578
546,2013042318,611
547,2013042319,645
548,2013042320,656
549,2013042321,657
550,2013042322,661
551,2013042323,639
552,2013042400,577
553,2013042401,507
554,2013042402,454
555,2013042403,406
556,2013042404,360
557,2013042405,332
558,2013042406,331
559,2013042407,344
560,2013042408,359
561,2013042409,386
562,2013042410,431
563,2013042411,477
564,2013042412,503
565,2013042413,522
566,2013042414,551
567,2013042415,574
568,2013042416,578
569,2013042417,587
570,2013042418,620
571,2013042419,655
572,2013042420,666
573,2013042421,667
574,2013042422,670
575,2013042423,648
576,2013042500,585
577,2013042501,515
578,2013042502,461
579,2013042503,413
580,2013042504,366
581,2013042505,337
582,2013042506,336
583,2013042507,349
584,2013042508,365
585,2013042509,391
586,2013042510,437
587,2013042511,484
588,2013042512,511
589,2013042513,530
590,2013042514,559
591,2013042515,583
592,2013042516,587
593,2013042517,597
594,2013042518,630
595,2013042519,665
596,2013042520,676
597,2013042521,677
598,2013042522,680
599,2013042523,658
600,2013042600,594
601,2013042601,523
602,2013042602,468
603,2013042603,419
604,2013042604,371
605,2013042605,343
606,2013042606,341
607,2013042607,355
608,2013042608,370
609,2013042609,397
610,2013042610,444
611,2013042611,491
612,2013042612,518
613,2013042613,538
614,2013042614,568
615,2013042615,592
616,2013042616,597
617,2013042617,606
618,2013042618,640
619,2013042619,676
620,2013042620,687
621,2013042621,687
622,2013042622,690
623,2013042623,667
624,2013042700,603
625,2013042701,530
626,2013042702,475
627,2013042703,426
628,2013042704,377
629,2013042705,348
630,2013042706,347
631,2013042707,360
632,2013042708,376
633,2013042709,404
634,2013042710,450
635,2013042711,498
636,2013042712,526
637,2013042713,547
638,2013042714,577
639,2013042715,601
640,2013042716,606
641,2013042717,616
642,2013042718,650
643,2013042719,686
644,2013042720,697
645,2013042721,698
646,2013042722,700
647,2013042723,677
648,2013042800,612
649,2013042801,538
650,2013042802,482
651,2013042803,432
652,2013042804,383
653,2013042805,354
654,2013042806,352
655,2013042807,366
656,2013042808,382
657,2013042809,410
658,2013042810,457
659,2013042811,506
660,2013042812,534
661,2013042813,555
662,2013042814,586
663,2013042815,611
664,2013042816,616
665,2013042817,626
666,2013042818,661
667,2013042819,697
668,2013042820,708
669,2013042821,708
670,2013042822,711
671,2013042823,687
672,2013042900,621
673,2013042901,547
674,2013042902,490
675,2013042903,439
676,2013042904,390
677,2013042905,360
678,2013042906,358
679,2013042907,372
680,2013042908,388
681,2013042909,416
682,2013042910,464
683,2013042911,513
684,2013042912,542
685,2013042913,563
686,2013042914,595
687,2013042915,620
688,2013042916,626
689,2013042917,636
690,2013042918,671
691,2013042919,708
692,2013042920,719
693,2013042921,719
694,2013042922,721
695,2013042923,697
696,2013043000,630
697,2013043001,555
698,2013043002,497
699,2013043003,446
700,2013043004,396
701,2013043005,365
702,2013043006,364
703,2013043007,378
704,2013043008,394
705,2013043009,422
706,2013043010,471
707,2013043011,521
708,2013043012,550
709,2013043013,572
710,2013043014,604
711,2013043015,630
712,2013043016,636
713,2013043017,646
714,2013043018,682
715,2013043019,719
716,2013043020,730
717,2013043021,730
718,2013043022,732
719,2013043023,707
720,2013050100,639
721,2013050101,563
722,2013050102,505
723,2013050103,453
724,2013050104,402
725,2013050105,371
726,2013050106,370
727,2013050107,383
728,2013050108,400
729,2013050109,429
730,2013050110,478
731,2013050111,529
732,2013050112,558
733,2013050113,581
734,2013050114,613
735,2013050115,640
736,2013050116,646
737,2013050117,657
738,2013050118,693
739,2013050119,730
740,2013050120,741
741,2013050121,741
742,2013050122,743
743,2013050123,717
744,2013050200,648
745,2013050201,572
746,2013050202,513
747,2013050203,460
748,2013050204,409
749,2013050205,377
750,2013050206,375
751,2013050207,390
752,2013050208,406
753,2013050209,435
754,2013050210,485
755,2013050211,536
756,2013050212,567
757,2013050213,589
758,2013050214,623
759,2013050215,650
760,2013050216,656
761,2013050217,667
762,2013050218,703
763,2013050219,741
764,2013050220,752
765,2013050221,752
766,2013050222,754
767,2013050223,728
768,2013050300,658
769,2013050301,580
770,2013050302,520
771,2013050303,467
772,2013050304,415
773,2013050305,383
774,2013050306,381
775,2013050307,396
776,2013050308,413
777,2013050309,442
778,2013050310,492
779,2013050311,544
780,2013050312,575
781,2013050313,598
782,2013050314,632
783,2013050315,660
784,2013050316,666
785,2013050317,678
786,2013050318,715
787,2013050319,753
788,2013050320,764
789,2013050321,763
790,2013050322,765
791,2013050323,738
792,2013050400,668
793,2013050401,589
794,2013050402,528
795,2013050403,474
796,2013050404,422
797,2013050405,389
798,2013050406,388
799,2013050407,402
800,2013050408,419
801,2013050409,449
802,2013050410,500
803,2013050411,552
804,2013050412,584
805,2013050413,608
806,2013050414,642
807,2013050415,670
808,2013050416,677
809,2013050417,689
810,2013050418,726
811,2013050419,764
812,2013050420,775
813,2013050421,775
814,2013050422,776
815,2013050423,749
816,2013050500,678
817,2013050501,598
818,2013050502,537
819,2013050503,482
820,2013050504,428
821,2013050505,396
822,2013050506,394
823,2013050507,408
824,2013050508,426
825,2013050509,456
826,2013050510,507
827,2013050511,561
828,2013050512,592
829,2013050513,617
830,2013050514,652
831,2013050515,681
832,2013050516,688
833,2013050517,700
834,2013050518,737
835,2013050519,776
836,2013050520,787
837,2013050521,786
838,2013050522,788
839,2013050523,760
840,2013050600,688
841,2013050601,607
842,2013050602,545
843,2013050603,489
844,2013050604,435
845,2013050605,402
846,2013050606,400
847,2013050607,415
848,2013050608,432
849,2013050609,463
850,2013050610,515
851,2013050611,569
852,2013050612,601
853,2013050613,626
854,2013050614,662
855,2013050615,691
856,2013050616,699
857,2013050617,711
858,2013050618,749
859,2013050619,788
860,2013050620,799
861,2013050621,798
862,2013050622,799
863,2013050623,771
864,2013050700,698
865,2013050701,616
866,2013050702,553
867,2013050703,497
868,2013050704,442
869,2013050705,409
870,2013050706,406
871,2013050707,421
872,2013050708,439
873,2013050709,470
874,2013050710,523
875,2013050711,577
876,2013050712,610
877,2013050713,636
878,2013050714,672
879,2013050715,702
880,2013050716,710
881,2013050717,722
882,2013050718,761
883,2013050719,801
884,2013050720,811
885,2013050721,810
886,2013050722,811
887,2013050723,783
888,2013050800,708
889,2013050801,625
890,2013050802,562
891,2013050803,505
892,2013050804,449
893,2013050805,415
894,2013050806,413
895,2013050807,428
896,2013050808,446
897,2013050809,477
898,2013050810,531
899,2013050811,586
900,2013050812,619
901,2013050813,645
902,2013050814,683
903,2013050815,713
904,2013050816,721
905,2013050817,734
906,2013050818,773
907,2013050819,813
908,2013050820,824
909,2013050821,822
910,2013050822,823
911,2013050823,794
912,2013050900,719
913,2013050901,635
914,2013050902,570
915,2013050903,513
916,2013050904,456
917,2013050905,422
918,2013050906,420
919,2013050907,435
920,2013050908,453
921,2013050909,484
922,2013050910,538
923,2013050911,595
924,2013050912,629
925,2013050913,655
926,2013050914,693
927,2013050915,724
928,2013050916,733
929,2013050917,745
930,2013050918,785
931,2013050919,826
932,2013050920,836
933,2013050921,835
934,2013050922,835
935,2013050923,806
936,2013051000,729
937,2013051001,644
938,2013051002,579
939,2013051003,521
940,2013051004,464
941,2013051005,429
942,2013051006,426
943,2013051007,441
944,2013051008,460
945,2013051009,492
946,2013051010,547
947,2013051011,604
948,2013051012,638
949,2013051013,665
950,2013051014,704
951,2013051015,735
952,2013051016,744
953,2013051017,757
954,2013051018,798
955,2013051019,838
956,2013051020,849
957,2013051021,847
958,2013051022,847
959,2013051023,817
960,2013051100,740
961,2013051101,654
962,2013051102,588
963,2013051103,529
964,2013051104,471
965,2013051105,436
966,2013051106,433
967,2013051107,448
968,2013051108,467
969,2013051109,499
970,2013051110,555
971,2013051111,613
972,2013051112,648
973,2013051113,675
974,2013051114,715
975,2013051115,747
976,2013051116,756
977,2013051117,769
978,2013051118,810
979,2013051119,851
980,2013051120,862
981,2013051121,860
982,2013051122,860
983,2013051123,829
984,2013051200,751
985,2013051201,664
986,2013051202,597
987,2013051203,537
988,2013051204,478
989,2013051205,443
990,2013051206,440
991,2013051207,455
992,2013051208,474
993,2013051209,507
994,2013051210,563
995,2013051211,622
996,2013051212,657
997,2013051213,686
998,2013051214,726
999,2013051215,759
1000,2013051216,768
1001,2013051217,782
1002,2013051218,823
1003,2013051219,865
1004,2013051220,875
1005,2013051221,873
1006,2013051222,873
1007,2013051223,842
1008,2013051300,762
1009,2013051301,674
1010,2013051302,606
1011,2013051303,545
1012,2013051304,486
1013,2013051305,450
1014,2013051306,447
1015,2013051307,462
1016,2013051308,481
1017,2013051309,514
1018,2013051310,572
1019,2013051311,631
1020,2013051312,667
1021,2013051313,696
1022,2013051314,737
1023,2013051315,770
1024,2013051316,780
1025,2013051317,794
1026,2013051318,836
1027,2013051319,878
1028,2013051320,889
1029,2013051321,886
1030,2013051322,886
1031,2013051323,854
1032,2013051400,773
1033,2013051401,684
1034,2013051402,615
1035,2013051403,554
1036,2013051404,494
1037,2013051405,457
1038,2013051406,454
1039,2013051407,470
1040,2013051408,489
1041,2013051409,522
1042,2013051410,580
1043,2013051411,640
1044,2013051412,677
1045,2013051413,707
1046,2013051414,748
1047,2013051415,783
1048,2013051416,793
1049,2013051417,807
1050,2013051418,849
1051,2013051419,892
1052,2013051420,902
1053,2013051421,899
1054,2013051422,899
1055,2013051423,866
1056,2013051500,785
1057,2013051501,695
1058,2013051502,625
1059,2013051503,562
1060,2013051504,502
1061,2013051505,464
1062,2013051506,461
1063,2013051507,477
1064,2013051508,496
1065,2013051509,530
1066,2013051510,589
1067,2013051511,650
1068,2013051512,687
1069,2013051513,717
1070,2013051514,760
1071,2013051515,795
1072,2013051516,805
1073,2013051517,820
1074,2013051518,863
1075,2013051519,906
1076,2013051520,916
1077,2013051521,913
1078,2013051522,912
1079,2013051523,879
1080,2013051600,796
1081,2013051601,705
1082,2013051602,634
1083,2013051603,571
1084,2013051604,510
1085,2013051605,472
1086,2013051606,469
1087,2013051607,485
1088,2013051608,504
1089,2013051609,538
1090,2013051610,598
1091,2013051611,659
1092,2013051612,698
1093,2013051613,728
1094,2013051614,771
1095,2013051615,807
1096,2013051616,818
1097,2013051617,833
1098,2013051618,876
1099,2013051619,920
1100,2013051620,930
1101,2013051621,927
1102,2013051622,925
1103,2013051623,892
1104,2013051700,808
1105,2013051701,716
1106,2013051702,644
1107,2013051703,580
1108,2013051704,518
1109,2013051705,479
1110,2013051706,476
1111,2013051707,492
1112,2013051708,512
1113,2013051709,547
1114,2013051710,607
1115,2013051711,669
1116,2013051712,708
1117,2013051713,739
1118,2013051714,783
1119,2013051715,820
1120,2013051716,831
1121,2013051717,846
1122,2013051718,890
1123,2013051719,934
1124,2013051720,944
1125,2013051721,941
1126,2013051722,939
1127,2013051723,905
1128,2013051800,820
1129,2013051801,727
1130,2013051802,654
1131,2013051803,589
1132,2013051804,526
1133,2013051805,487
1134,2013051806,484
1135,2013051807,500
1136,2013051808,520
1137,2013051809,555
1138,2013051810,616
1139,2013051811,679
1140,2013051812,719
1141,2013051813,751
1142,2013051814,795
1143,2013051815,833
1144,2013051816,844
1145,2013051817,860
1146,2013051818,904
1147,2013051819,948
1148,2013051820,959
1149,2013051821,955
1150,2013051822,953
1151,2013051823,918
1152,2013051900,832
1153,2013051901,737
1154,2013051902,664
1155,2013051903,598
1156,2013051904,534
1157,2013051905,495
1158,2013051906,492
1159,2013051907,508
1160,2013051908,528
1161,2013051909,564
1162,2013051910,625
1163,2013051911,689
1164,2013051912,730
1165,2013051913,762
1166,2013051914,808
1167,2013051915,846
1168,2013051916,857
1169,2013051917,873
1170,2013051918,919
1171,2013051919,963
1172,2013051920,973
1173,2013051921,969
1174,2013051922,967
1175,2013051923,932
1176,2013052000,845
1177,2013052001,749
1178,2013052002,674
1179,2013052003,608
1180,2013052004,543
1181,2013052005,503
1182,2013052006,500
1183,2013052007,516
1184,2013052008,536
1185,2013052009,572
1186,2013052010,635
1187,2013052011,700
1188,2013052012,741
1189,2013052013,774
1190,2013052014,820
1191,2013052015,859
1192,2013052016,871
1193,2013052017,887
1194,2013052018,933
1195,2013052019,978
1196,2013052020,988
1197,2013052021,984
1198,2013052022,981
1199,2013052023,945
1200,2013052100,857
1201,2013052101,760
1202,2013052102,685
1203,2013052103,617
1204,2013052104,551
1205,2013052105,511
1206,2013052106,507
1207,2013052107,524
1208,2013052108,544
1209,2013052109,581
1210,2013052110,644
1211,2013052111,710
1212,2013052112,752
1213,2013052113,786
1214,2013052114,833
1215,2013052115,872
1216,2013052116,885
1217,2013052117,901
1218,2013052118,948
1219,2013052119,993
1220,2013052120,1003
1221,2013052121,999
1222,2013052122,996
1223,2013052123,959
1224,2013052200,870
1225,2013052201,771
1226,2013052202,695
1227,2013052203,627
1228,2013052204,560
1229,2013052205,519
1230,2013052206,516
1231,2013052207,532
1232,2013052208,553
1233,2013052209,590
1234,2013052210,654
1235,2013052211,721
1236,2013052212,763
1237,2013052213,798
1238,2013052214,846
1239,2013052215,886
1240,2013052216,899
1241,2013052217,916
1242,2013052218,963
1243,2013052219,1009
1244,2013052220,1019
1245,2013052221,1014
1246,2013052222,1011
1247,2013052223,973
1248,2013052300,883
1249,2013052301,783
1250,2013052302,706
1251,2013052303,636
1252,2013052304,569
1253,2013052305,527
1254,2013052306,524
1255,2013052307,541
1256,2013052308,561
1257,2013052309,599
1258,2013052310,664
1259,2013052311,731
1260,2013052312,774
1261,2013052313,810
1262,2013052314,859
1263,2013052315,900
1264,2013052316,913
1265,2013052317,930
1266,2013052318,978
1267,2013052319,1024
1268,2013052320,1034
1269,2013052321,1029
1270,2013052322,1026
1271,2013052323,988
1272,2013052400,896
1273,2013052401,795
1274,2013052402,717
1275,2013052403,646
1276,2013052404,578
1277,2013052405,536
1278,2013052406,532
1279,2013052407,549
1280,2013052408,570
1281,2013052409,608
1282,2013052410,674
1283,2013052411,742
1284,2013052412,786
1285,2013052413,822
1286,2013052414,872
1287,2013052415,914
1288,2013052416,927
1289,2013052417,945
1290,2013052418,993
1291,2013052419,1040
1292,2013052420,1050
1293,2013052421,1044
1294,2013052422,1041
1295,2013052423,1002
1296,2013052500,909
1297,2013052501,807
1298,2013052502,728
1299,2013052503,656
1300,2013052504,587
1301,2013052505,544
1302,2013052506,541
1303,2013052507,558
1304,2013052508,579
1305,2013052509,617
1306,2013052510,684
1307,2013052511,753
1308,2013052512,798
1309,2013052513,835
1310,2013052514,885
1311,2013052515,928
1312,2013052516,942
1313,2013052517,960
1314,2013052518,1009
1315,2013052519,1056
1316,2013052520,1066
1317,2013052521,1060
1318,2013052522,1056
1319,2013052523,1017
1320,2013052600,923
1321,2013052601,819
1322,2013052602,739
1323,2013052603,667
1324,2013052604,597
1325,2013052605,553
1326,2013052606,549
1327,2013052607,566
1328,2013052608,588
1329,2013052609,627
1330,2013052610,694
1331,2013052611,765
1332,2013052612,810
1333,2013052613,847
1334,2013052614,899
1335,2013052615,942
1336,2013052616,957
1337,2013052617,976
1338,2013052618,1025
1339,2013052619,1073
1340,2013052620,1082
1341,2013052621,1076
1342,2013052622,1072
1343,2013052623,1032
1344,2013052700,936
1345,2013052701,831
1346,2013052702,750
1347,2013052703,677
1348,2013052704,606
1349,2013052705,562
1350,2013052706,558
1351,2013052707,575
1352,2013052708,597
1353,2013052709,636
1354,2013052710,705
1355,2013052711,776
1356,2013052712,822
1357,2013052713,860
1358,2013052714,913
1359,2013052715,957
1360,2013052716,972
1361,2013052717,991
1362,2013052718,1041
1363,2013052719,1089
1364,2013052720,1099
1365,2013052721,1092
1366,2013052722,1088
1367,2013052723,1047
1368,2013052800,950
1369,2013052801,844
1370,2013052802,762
1371,2013052803,688
1372,2013052804,616
1373,2013052805,571
1374,2013052806,567
1375,2013052807,584
1376,2013052808,606
1377,2013052809,646
1378,2013052810,715
1379,2013052811,788
1380,2013052812,834
1381,2013052813,873
1382,2013052814,927
1383,2013052815,972
1384,2013052816,987
1385,2013052817,1007
1386,2013052818,1058
1387,2013052819,1106
1388,2013052820,1116
1389,2013052821,1109
1390,2013052822,1104
1391,2013052823,1062
1392,2013052900,964
1393,2013052901,857
1394,2013052902,773
1395,2013052903,698
1396,2013052904,625
1397,2013052905,580
1398,2013052906,576
1399,2013052907,594
1400,2013052908,616
1401,2013052909,656
1402,2013052910,726
1403,2013052911,799
1404,2013052912,847
1405,2013052913,887
1406,2013052914,941
1407,2013052915,987
1408,2013052916,1003
1409,2013052917,1023
1410,2013052918,1074
1411,2013052919,1123
1412,2013052920,1133
1413,2013052921,1126
1414,2013052922,1120
1415,2013052923,1078
1416,2013053000,979
1417,2013053001,870
1418,2013053002,785
1419,2013053003,709
1420,2013053004,635
1421,2013053005,589
1422,2013053006,585
1423,2013053007,603
1424,2013053008,625
1425,2013053009,666
1426,2013053010,737
1427,2013053011,811
1428,2013053012,860
1429,2013053013,900
1430,2013053014,956
1431,2013053015,1002
1432,2013053016,1019
1433,2013053017,1039
1434,2013053018,1091
1435,2013053019,1141
1436,2013053020,1150
1437,2013053021,1143
1438,2013053022,1137
1439,2013053023,1094
1440,2013053100,993
1441,2013053101,883
1442,2013053102,797
1443,2013053103,720
1444,2013053104,645
1445,2013053105,599
1446,2013053106,594
1447,2013053107,612
1448,2013053108,635
1449,2013053109,676
1450,2013053110,748
1451,2013053111,823
1452,2013053112,873
1453,2013053113,914
1454,2013053114,971
1455,2013053115,1018
1456,2013053116,1035
1457,2013053117,1056
1458,2013053118,1108
1459,2013053119,1158
1460,2013053120,1168
1461,2013053121,1160
1462,2013053122,1154
1463,2013053123,1110
1464,2013060100,1008
1465,2013060101,896
1466,2013060102,809
1467,2013060103,731
1468,2013060104,656
1469,2013060105,609
1470,2013060106,604
1471,2013060107,622
1472,2013060108,645
1473,2013060109,687
1474,2013060110,759
1475,2013060111,836
1476,2013060112,886
1477,2013060113,928
1478,2013060114,986
1479,2013060115,1034
1480,2013060116,1051
1481,2013060117,1072
1482,2013060118,1126
1483,2013060119,1176
1484,2013060120,1185
1485,2013060121,1177
1486,2013060122,1171
1487,2013060123,1126
1488,2013060200,1023
1489,2013060201,910
1490,2013060202,822
1491,2013060203,743
1492,2013060204,666
1493,2013060205,618
1494,2013060206,613
1495,2013060207,632
1496,2013060208,655
1497,2013060209,697
1498,2013060210,771
1499,2013060211,848
1500,2013060212,899
1501,2013060213,942
1502,2013060214,1001
1503,2013060215,1050
1504,2013060216,1068
1505,2013060217,1090
1506,2013060218,1144
1507,2013060219,1194
1508,2013060220,1203
1509,2013060221,1195
1510,2013060222,1188
1511,2013060223,1143
1512,2013060300,1038
1513,2013060301,923
1514,2013060302,834
1515,2013060303,754
1516,2013060304,676
1517,2013060305,628
1518,2013060306,623
1519,2013060307,642
1520,2013060308,665
1521,2013060309,708
1522,2013060310,782
1523,2013060311,861
1524,2013060312,913
1525,2013060313,956
1526,2013060314,1016
1527,2013060315,1066
1528,2013060316,1085
1529,2013060317,1107
1530,2013060318,1162
1531,2013060319,1213
1532,2013060320,1222
1533,2013060321,1213
1534,2013060322,1206
1535,2013060323,1160
1536,2013060400,1053
1537,2013060401,937
1538,2013060402,847
1539,2013060403,766
1540,2013060404,687
1541,2013060405,638
1542,2013060406,633
1543,2013060407,652
1544,2013060408,675
1545,2013060409,719
1546,2013060410,794
1547,2013060411,874
1548,2013060412,926
1549,2013060413,971
1550,2013060414,1032
1551,2013060415,1083
1552,2013060416,1102
1553,2013060417,1124
1554,2013060418,1180
1555,2013060419,1232
1556,2013060420,1241
1557,2013060421,1231
1558,2013060422,1224
1559,2013060423,1177
1560,2013060500,1069
1561,2013060501,952
1562,2013060502,860
1563,2013060503,778
1564,2013060504,698
1565,2013060505,648
1566,2013060506,643
1567,2013060507,662
1568,2013060508,686
1569,2013060509,730
1570,2013060510,806
1571,2013060511,887
1572,2013060512,940
1573,2013060513,986
1574,2013060514,1048
1575,2013060515,1100
1576,2013060516,1119
1577,2013060517,1142
1578,2013060518,1199
1579,2013060519,1251
1580,2013060520,1260
1581,2013060521,1250
1582,2013060522,1242
1583,2013060523,1194
1584,2013060600,1085
1585,2013060601,966
1586,2013060602,873
1587,2013060603,790
1588,2013060604,709
1589,2013060605,659
1590,2013060606,653
1591,2013060607,672
1592,2013060608,697
1593,2013060609,741
1594,2013060610,818
1595,2013060611,900
1596,2013060612,954
1597,2013060613,1001
1598,2013060614,1064
1599,2013060615,1117
1600,2013060616,1137
1601,2013060617,1160
1602,2013060618,1217
1603,2013060619,1270
1604,2013060620,1279
1605,2013060621,1269
1606,2013060622,1261
1607,2013060623,1212
1608,2013060700,1101
1609,2013060701,981
1610,2013060702,887
1611,2013060703,802
1612,2013060704,720
1613,2013060705,669
1614,2013060706,664
1615,2013060707,683
1616,2013060708,707
1617,2013060709,752
1618,2013060710,831
1619,2013060711,914
1620,2013060712,969
1621,2013060713,1016
1622,2013060714,1080
1623,2013060715,1134
1624,2013060716,1155
1625,2013060717,1179
1626,2013060718,1237
1627,2013060719,1290
1628,2013060720,1298
1629,2013060721,1288
1630,2013060722,1279
1631,2013060723,1230
1632,2013060800,1117
1633,2013060801,995
1634,2013060802,900
1635,2013060803,815
1636,2013060804,732
1637,2013060805,680
1638,2013060806,674
1639,2013060807,694
1640,2013060808,718
1641,2013060809,764
1642,2013060810,843
1643,2013060811,927
1644,2013060812,983
1645,2013060813,1032
1646,2013060814,1097
1647,2013060815,1152
1648,2013060816,1173
1649,2013060817,1198
1650,2013060818,1256
1651,2013060819,1310
1652,2013060820,1318
1653,2013060821,1307
1654,2013060822,1298
1655,2013060823,1248
1656,2013060900,1134
1657,2013060901,1010
1658,2013060902,914
1659,2013060903,828
1660,2013060904,743
1661,2013060905,691
1662,2013060906,685
1663,2013060907,704
1664,2013060908,730
1665,2013060909,776
1666,2013060910,856
1667,2013060911,941
1668,2013060912,998
1669,2013060913,1047
1670,2013060914,1114
1671,2013060915,1170
1672,2013060916,1192
1673,2013060917,1217
1674,2013060918,1276
1675,2013060919,1330
1676,2013060920,1338
1677,2013060921,1327
1678,2013060922,1318
1679,2013060923,1266
1680,2013061000,1151
1681,2013061001,1026
1682,2013061002,928
1683,2013061003,840
1684,2013061004,755
1685,2013061005,702
1686,2013061006,696
1687,2013061007,716
1688,2013061008,741
1689,2013061009,788
1690,2013061010,869
1691,2013061011,955
1692,2013061012,1013
1693,2013061013,1063
1694,2013061014,1131
1695,2013061015,1188
1696,2013061016,1210
1697,2013061017,1236
1698,2013061018,1296
1699,2013061019,1351
1700,2013061020,1359
1701,2013061021,1347
1702,2013061022,1337
1703,2013061023,1285
1704,2013061100,1168
1705,2013061101,1041
1706,2013061102,942
1707,2013061103,853
1708,2013061104,767
1709,2013061105,713
1710,2013061106,707
1711,2013061107,727
1712,2013061108,752
1713,2013061109,800
1714,2013061110,882
1715,2013061111,969
1716,2013061112,1028
1717,2013061113,1080
1718,2013061114,1148
1719,2013061115,1207
1720,2013061116,1229
1721,2013061117,1256
1722,2013061118,1316
1723,2013061119,1372
1724,2013061120,1380
1725,2013061121,1368
1726,2013061122,1357
1727,2013061123,1304
1728,2013061200,1185
1729,2013061201,1057
1730,2013061202,957
1731,2013061203,867
1732,2013061204,779
1733,2013061205,725
1734,2013061206,718
1735,2013061207,738
1736,2013061208,764
1737,2013061209,812
1738,2013061210,895
1739,2013061211,984
1740,2013061212,1044
1741,2013061213,1096
1742,2013061214,1166
1743,2013061215,1225
1744,2013061216,1249
1745,2013061217,1275
1746,2013061218,1337
1747,2013061219,1393
1748,2013061220,1401
1749,2013061221,1388
1750,2013061222,1377
1751,2013061223,1323
1752,2013061300,1203
1753,2013061301,1073
1754,2013061302,972
1755,2013061303,880
1756,2013061304,791
1757,2013061305,736
1758,2013061306,730
1759,2013061307,750
1760,2013061308,776
1761,2013061309,824
1762,2013061310,909
1763,2013061311,999
1764,2013061312,1060
1765,2013061313,1113
1766,2013061314,1184
1767,2013061315,1244
1768,2013061316,1268
1769,2013061317,1296
1770,2013061318,1358
1771,2013061319,1414
1772,2013061320,1422
1773,2013061321,1409
1774,2013061322,1398
1775,2013061323,1342
1776,2013061400,1221
1777,2013061401,1089
1778,2013061402,986
1779,2013061403,894
1780,2013061404,804
1781,2013061405,748
1782,2013061406,741
1783,2013061407,761
1784,2013061408,788
1785,2013061409,837
1786,2013061410,923
1787,2013061411,1014
1788,2013061412,1076
1789,2013061413,1130
1790,2013061414,1202
1791,2013061415,1264
1792,2013061416,1288
1793,2013061417,1316
1794,2013061418,1379
1795,2013061419,1436
1796,2013061420,1444
1797,2013061421,1430
1798,2013061422,1419
1799,2013061423,1362
1800,2013061500,1239
1801,2013061501,1106
1802,2013061502,1002
1803,2013061503,908
1804,2013061504,817
1805,2013061505,760
1806,2013061506,753
1807,2013061507,773
1808,2013061508,800
1809,2013061509,850
1810,2013061510,937
1811,2013061511,1029
1812,2013061512,1092
1813,2013061513,1147
1814,2013061514,1221
1815,2013061515,1283
1816,2013061516,1309
1817,2013061517,1337
1818,2013061518,1401
1819,2013061519,1459
1820,2013061520,1466
1821,2013061521,1452
1822,2013061522,1440
1823,2013061523,1382
1824,2013061600,1258
1825,2013061601,1122
1826,2013061602,1017
1827,2013061603,922
1828,2013061604,830
1829,2013061605,772
1830,2013061606,765
1831,2013061607,786
1832,2013061608,813
1833,2013061609,863
1834,2013061610,951
1835,2013061611,1044
1836,2013061612,1108
1837,2013061613,1165
1838,2013061614,1240
1839,2013061615,1303
1840,2013061616,1329
1841,2013061617,1358
1842,2013061618,1423
1843,2013061619,1481
1844,2013061620,1488
1845,2013061621,1474
1846,2013061622,1461
1847,2013061623,1403
1848,2013061700,1276
1849,2013061701,1139
1850,2013061702,1033
1851,2013061703,936
1852,2013061704,843
1853,2013061705,784
1854,2013061706,777
1855,2013061707,798
1856,2013061708,825
1857,2013061709,876
1858,2013061710,965
1859,2013061711,1060
1860,2013061712,1125
1861,2013061713,1182
1862,2013061714,1259
1863,2013061715,1324
1864,2013061716,1350
1865,2013061717,1380
1866,2013061718,1445
1867,2013061719,1504
1868,2013061720,1511
1869,2013061721,1496
1870,2013061722,1483
1871,2013061723,1424
1872,2013061800,1295
1873,2013061801,1157
1874,2013061802,1048
1875,2013061803,951
1876,2013061804,856
1877,2013061805,797
1878,2013061806,790
1879,2013061807,810
1880,2013061808,838
1881,2013061809,890
1882,2013061810,980
1883,2013061811,1076
1884,2013061812,1142
1885,2013061813,1200
1886,2013061814,1278
1887,2013061815,1344
1888,2013061816,1372
1889,2013061817,1402
1890,2013061818,1468
1891,2013061819,1527
1892,2013061820,1534
1893,2013061821,1519
1894,2013061822,1505
1895,2013061823,1445
1896,2013061900,1315
1897,2013061901,1174
1898,2013061902,1064
1899,2013061903,966
1900,2013061904,870
1901,2013061905,809
1902,2013061906,802
1903,2013061907,823
1904,2013061908,851
1905,2013061909,903
1906,2013061910,995
1907,2013061911,1092
1908,2013061912,1159
1909,2013061913,1219
1910,2013061914,1298
1911,2013061915,1365
1912,2013061916,1393
1913,2013061917,1424
1914,2013061918,1491
1915,2013061919,1551
1916,2013061920,1558
1917,2013061921,1542
1918,2013061922,1527
1919,2013061923,1466
1920,2013062000,1334
1921,2013062001,1192
1922,2013062002,1081
1923,2013062003,980
1924,2013062004,883
1925,2013062005,822
1926,2013062006,815
1927,2013062007,836
1928,2013062008,864
1929,2013062009,917
1930,2013062010,1010
1931,2013062011,1108
1932,2013062012,1177
1933,2013062013,1237
1934,2013062014,1318
1935,2013062015,1386
1936,2013062016,1415
1937,2013062017,1446
1938,2013062018,1515
1939,2013062019,1575
1940,2013062020,1581
1941,2013062021,1565
1942,2013062022,1550
1943,2013062023,1488
1944,2013062100,1354
1945,2013062101,1210
1946,2013062102,1097
1947,2013062103,996
1948,2013062104,897
1949,2013062105,835
1950,2013062106,828
1951,2013062107,849
1952,2013062108,878
1953,2013062109,931
1954,2013062110,1025
1955,2013062111,1125
1956,2013062112,1194
1957,2013062113,1256
1958,2013062114,1338
1959,2013062115,1408
1960,2013062116,1437
1961,2013062117,1469
1962,2013062118,1538
1963,2013062119,1599
1964,2013062120,1606
1965,2013062121,1589
1966,2013062122,1573
1967,2013062123,1510
1968,2013062200,1374
1969,2013062201,1228
1970,2013062202,1114
1971,2013062203,1011
1972,2013062204,911
1973,2013062205,849
1974,2013062206,841
1975,2013062207,862
1976,2013062208,891
1977,2013062209,946
1978,2013062210,1040
1979,2013062211,1142
1980,2013062212,1212
1981,2013062213,1275
1982,2013062214,1359
1983,2013062215,1430
1984,2013062216,1460
1985,2013062217,1493
1986,2013062218,1562
1987,2013062219,1624
1988,2013062220,1630
1989,2013062221,1613
1990,2013062222,1597
1991,2013062223,1532
1992,2013062300,1395
1993,2013062301,1247
1994,2013062302,1131
1995,2013062303,1027
1996,2013062304,926
1997,2013062305,862
1998,2013062306,854
1999,2013062307,876
2000,2013062308,905
2001,2013062309,960
2002,2013062310,1056
2003,2013062311,1159
2004,2013062312,1231
2005,2013062313,1295
2006,2013062314,1380
2007,2013062315,1452
2008,2013062316,1483
2009,2013062317,1516
2010,2013062318,1587
2011,2013062319,1649
2012,2013062320,1655
2013,2013062321,1637
2014,2013062322,1620
2015,2013062323,1554
2016,2013062400,1415
2017,2013062401,1266
2018,2013062402,1149
2019,2013062403,1043
2020,2013062404,940
2021,2013062405,876
2022,2013062406,868
2023,2013062407,890
2024,2013062408,919
2025,2013062409,975
2026,2013062410,1072
2027,2013062411,1176
2028,2013062412,1249
2029,2013062413,1315
2030,2013062414,1401
2031,2013062415,1475
2032,2013062416,1506
2033,2013062417,1540
2034,2013062418,1612
2035,2013062419,1675
2036,2013062420,1680
2037,2013062421,1662
2038,2013062422,1645
2039,2013062423,1577
2040,2013062500,1437
2041,2013062501,1285
2042,2013062502,1166
2043,2013062503,1059
2044,2013062504,955
2045,2013062505,890
2046,2013062506,881
2047,2013062507,904
2048,2013062508,933
2049,2013062509,990
2050,2013062510,1088
2051,2013062511,1194
2052,2013062512,1268
2053,2013062513,1335
2054,2013062514,1423
2055,2013062515,1498
2056,2013062516,1530
2057,2013062517,1565
2058,2013062518,1637
2059,2013062519,1701
2060,2013062520,1706
2061,2013062521,1687
2062,2013062522,1669
2063,2013062523,1601
2064,2013062600,1458
2065,2013062601,1304
2066,2013062602,1184
2067,2013062603,1075
2068,2013062604,970
2069,2013062605,904
2070,2013062606,895
2071,2013062607,918
2072,2013062608,948
2073,2013062609,1005
2074,2013062610,1105
2075,2013062611,1212
2076,2013062612,1287
2077,2013062613,1355
2078,2013062614,1445
2079,2013062615,1521
2080,2013062616,1554
2081,2013062617,1589
2082,2013062618,1663
2083,2013062619,1727
2084,2013062620,1732
2085,2013062621,1713
2086,2013062622,1694
2087,2013062623,1624
2088,2013062700,1480
2089,2013062701,1324
2090,2013062702,1202
2091,2013062703,1092
2092,2013062704,986
2093,2013062705,919
2094,2013062706,910
2095,2013062707,932
2096,2013062708,963
2097,2013062709,1020
2098,2013062710,1122
2099,2013062711,1230
2100,2013062712,1307
2101,2013062713,1376
2102,2013062714,1467
2103,2013062715,1544
2104,2013062716,1578
2105,2013062717,1614
2106,2013062718,1689
2107,2013062719,1754
2108,2013062720,1759
2109,2013062721,1738
2110,2013062722,1719
2111,2013062723,1649
2112,2013062800,1502
2113,2013062801,1344
2114,2013062802,1221
2115,2013062803,1109
2116,2013062804,1001
2117,2013062805,933
2118,2013062806,924
2119,2013062807,947
2120,2013062808,978
2121,2013062809,1036
2122,2013062810,1139
2123,2013062811,1249
2124,2013062812,1326
2125,2013062813,1397
2126,2013062814,1489
2127,2013062815,1568
2128,2013062816,1603
2129,2013062817,1640
2130,2013062818,1715
2131,2013062819,1781
2132,2013062820,1786
2133,2013062821,1765
2134,2013062822,1745
2135,2013062823,1673
2136,2013062900,1524
2137,2013062901,1365
2138,2013062902,1239
2139,2013062903,1126
2140,2013062904,1017
2141,2013062905,948
2142,2013062906,939
2143,2013062907,962
2144,2013062908,993
2145,2013062909,1052
2146,2013062910,1156
2147,2013062911,1267
2148,2013062912,1346
2149,2013062913,1418
2150,2013062914,1512
2151,2013062915,1593
2152,2013062916,1628
2153,2013062917,1666
2154,2013062918,1742
2155,2013062919,1808
2156,2013062920,1813
2157,2013062921,1791
2158,2013062922,1771
2159,2013062923,1698
2160,2013063000,1547
2161,2013063001,1385
2162,2013063002,1258
2163,2013063003,1144
2164,2013063004,1033
2165,2013063005,963
2166,2013063006,954
2167,2013063007,977
2168,2013063008,1008
2169,2013063009,1068
2170,2013063010,1173
2171,2013063011,1286
2172,2013063012,1367
2173,2013063013,1440
2174,2013063014,1536
2175,2013063015,1618
2176,2013063016,1654
2177,2013063017,1692
2178,2013063018,1770
2179,2013063019,1836
2180,2013063020,1841
2181,2013063021,1819
2182,2013063022,1797
2183,2013063023,1723
2184,2013070100,1570
2185,2013070101,1406
2186,2013070102,1278
2187,2013070103,1162
2188,2013070104,1049
2189,2013070105,978
2190,2013070106,969
2191,2013070107,992
2192,2013070108,1024
2193,2013070109,1085
2194,2013070110,1191
2195,2013070111,1306
2196,2013070112,1387
2197,2013070113,1462
2198,2013070114,1559
2199,2013070115,1643
2200,2013070116,1680
2201,2013070117,1719
2202,2013070118,1797
2203,2013070119,1865
2204,2013070120,1869
2205,2013070121,1846
2206,2013070122,1824
2207,2013070123,1748
2208,2013070200,1593
2209,2013070201,1427
2210,2013070202,1297
2211,2013070203,1180
2212,2013070204,1066
2213,2013070205,994
2214,2013070206,984
2215,2013070207,1007
2216,2013070208,1040
2217,2013070209,1101
2218,2013070210,1209
2219,2013070211,1325
2220,2013070212,1408
2221,2013070213,1484
2222,2013070214,1583
2223,2013070215,1668
2224,2013070216,1706
2225,2013070217,1746
2226,2013070218,1826
2227,2013070219,1893
2228,2013070220,1897
2229,2013070221,1874
2230,2013070222,1851
2231,2013070223,1774
2232,2013070300,1617
2233,2013070301,1449
2234,2013070302,1317
2235,2013070303,1198
2236,2013070304,1082
2237,2013070305,1010
2238,2013070306,1000
2239,2013070307,1023
2240,2013070308,1056
2241,2013070309,1118
2242,2013070310,1228
2243,2013070311,1345
2244,2013070312,1430
2245,2013070313,1507
2246,2013070314,1608
2247,2013070315,1694
2248,2013070316,1733
2249,2013070317,1774
2250,2013070318,1854
2251,2013070319,1923
2252,2013070320,1926
2253,2013070321,1902
2254,2013070322,1879
2255,2013070323,1801
2256,2013070400,1641
2257,2013070401,1471
2258,2013070402,1337
2259,2013070403,1216
2260,2013070404,1100
2261,2013070405,1026
2262,2013070406,1015
2263,2013070407,1039
2264,2013070408,1072
2265,2013070409,1135
2266,2013070410,1246
2267,2013070411,1366
2268,2013070412,1451
2269,2013070413,1530
2270,2013070414,1633
2271,2013070415,1720
2272,2013070416,1760
2273,2013070417,1802
2274,2013070418,1883
2275,2013070419,1952
2276,2013070420,1956
2277,2013070421,1931
2278,2013070422,1907
2279,2013070423,1827
2280,2013070500,1666
2281,2013070501,1493
2282,2013070502,1358
2283,2013070503,1235
2284,2013070504,1117
2285,2013070505,1042
2286,2013070506,1032
2287,2013070507,1056
2288,2013070508,1089
2289,2013070509,1153
2290,2013070510,1265
2291,2013070511,1386
2292,2013070512,1473
2293,2013070513,1553
2294,2013070514,1658
2295,2013070515,1747
2296,2013070516,1788
2297,2013070517,1830
2298,2013070518,1913
2299,2013070519,1983
2300,2013070520,1986
2301,2013070521,1960
2302,2013070522,1935
2303,2013070523,1854
2304,2013070600,1691
2305,2013070601,1516
2306,2013070602,1379
2307,2013070603,1254
2308,2013070604,1134
2309,2013070605,1059
2310,2013070606,1048
2311,2013070607,1072
2312,2013070608,1106
2313,2013070609,1171
2314,2013070610,1284
2315,2013070611,1407
2316,2013070612,1496
2317,2013070613,1577
2318,2013070614,1683
2319,2013070615,1774
2320,2013070616,1816
2321,2013070617,1859
2322,2013070618,1943
2323,2013070619,2013
2324,2013070620,2016
2325,2013070621,1990
2326,2013070622,1964
2327,2013070623,1882
2328,2013070700,1716
2329,2013070701,1539
2330,2013070702,1400
2331,2013070703,1274
2332,2013070704,1152
2333,2013070705,1076
2334,2013070706,1064
2335,2013070707,1089
2336,2013070708,1123
2337,2013070709,1189
2338,2013070710,1304
2339,2013070711,1428
2340,2013070712,1518
2341,2013070713,1601
2342,2013070714,1709
2343,2013070715,1802
2344,2013070716,1845
2345,2013070717,1888
2346,2013070718,1973
2347,2013070719,2044
2348,2013070720,2047
2349,2013070721,2020
2350,2013070722,1994
2351,2013070723,1910
2352,2013070800,1742
2353,2013070801,1562
2354,2013070802,1421
2355,2013070803,1294
2356,2013070804,1170
2357,2013070805,1093
2358,2013070806,1081
2359,2013070807,1106
2360,2013070808,1140
2361,2013070809,1207
2362,2013070810,1324
2363,2013070811,1450
2364,2013070812,1541
2365,2013070813,1626
2366,2013070814,1735
2367,2013070815,1830
2368,2013070816,1874
2369,2013070817,1918
2370,2013070818,2004
2371,2013070819,2076
2372,2013070820,2078
2373,2013070821,2051
2374,2013070822,2023
2375,2013070823,1938
2376,2013070900,1768
2377,2013070901,1586
2378,2013070902,1443
2379,2013070903,1314
2380,2013070904,1189
2381,2013070905,1110
2382,2013070906,1098
2383,2013070907,1123
2384,2013070908,1158
2385,2013070909,1226
2386,2013070910,1344
2387,2013070911,1471
2388,2013070912,1564
2389,2013070913,1651
2390,2013070914,1762
2391,2013070915,1858
2392,2013070916,1903
2393,2013070917,1948
2394,2013070918,2035
2395,2013070919,2108
2396,2013070920,2110
2397,2013070921,2082
2398,2013070922,2054
2399,2013070923,1967
2400,2013071000,1794
2401,2013071001,1610
2402,2013071002,1465
2403,2013071003,1334
2404,2013071004,1208
2405,2013071005,1128
2406,2013071006,1116
2407,2013071007,1141
2408,2013071008,1176
2409,2013071009,1244
2410,2013071010,1364
2411,2013071011,1494
2412,2013071012,1588
2413,2013071013,1676
2414,2013071014,1789
2415,2013071015,1887
2416,2013071016,1933
2417,2013071017,1979
2418,2013071018,2067
2419,2013071019,2141
2420,2013071020,2142
2421,2013071021,2113
2422,2013071022,2084
2423,2013071023,1996
2424,2013071100,1821
2425,2013071101,1634
2426,2013071102,1487
2427,2013071103,1355
2428,2013071104,1227
2429,2013071105,1146
2430,2013071106,1133
2431,2013071107,1159
2432,2013071108,1194
2433,2013071109,1263
2434,2013071110,1385
2435,2013071111,1516
2436,2013071112,1612
2437,2013071113,1701
2438,2013071114,1817
2439,2013071115,1916
2440,2013071116,1963
2441,2013071117,2010
2442,2013071118,2100
2443,2013071119,2174
2444,2013071120,2175
2445,2013071121,2145
2446,2013071122,2115
2447,2013071123,2026
2448,2013071200,1848
2449,2013071201,1659
2450,2013071202,1510
2451,2013071203,1376
2452,2013071204,1246
2453,2013071205,1164
2454,2013071206,1151
2455,2013071207,1177
2456,2013071208,1213
2457,2013071209,1283
2458,2013071210,1406
2459,2013071211,1539
2460,2013071212,1636
2461,2013071213,1727
2462,2013071214,1845
2463,2013071215,1946
2464,2013071216,1994
2465,2013071217,2042
2466,2013071218,2133
2467,2013071219,2207
2468,2013071220,2208
2469,2013071221,2178
2470,2013071222,2147
2471,2013071223,2056
2472,2013071300,1876
2473,2013071301,1684
2474,2013071302,1533
2475,2013071303,1397
2476,2013071304,1265
2477,2013071305,1182
2478,2013071306,1170
2479,2013071307,1195
2480,2013071308,1232
2481,2013071309,1303
2482,2013071310,1427
2483,2013071311,1562
2484,2013071312,1661
2485,2013071313,1754
2486,2013071314,1873
2487,2013071315,1976
2488,2013071316,2025
2489,2013071317,2074
2490,2013071318,2166
2491,2013071319,2241
2492,2013071320,2242
2493,2013071321,2211
2494,2013071322,2179
2495,2013071323,2086
2496,2013071400,1904
2497,2013071401,1710
2498,2013071402,1557
2499,2013071403,1419
2500,2013071404,1285
2501,2013071405,1201
2502,2013071406,1188
2503,2013071407,1214
2504,2013071408,1251
2505,2013071409,1323
2506,2013071410,1449
2507,2013071411,1586
2508,2013071412,1686
2509,2013071413,1781
2510,2013071414,1902
2511,2013071415,2007
2512,2013071416,2057
2513,2013071417,2107
2514,2013071418,2200
2515,2013071419,2276
2516,2013071420,2276
2517,2013071421,2244
2518,2013071422,2212
2519,2013071423,2117
2520,2013071500,1932
2521,2013071501,1736
2522,2013071502,1581
2523,2013071503,1441
2524,2013071504,1306
2525,2013071505,1220
2526,2013071506,1207
2527,2013071507,1233
2528,2013071508,1270
2529,2013071509,1343
2530,2013071510,1471
2531,2013071511,1609
2532,2013071512,1712
2533,2013071513,1808
2534,2013071514,1931
2535,2013071515,2038
2536,2013071516,2089
2537,2013071517,2140
2538,2013071518,2234
2539,2013071519,2311
2540,2013071520,2311
2541,2013071521,2278
2542,2013071522,2245
2543,2013071523,2149
2544,2013071600,1961
2545,2013071601,1762
2546,2013071602,1605
2547,2013071603,1463
2548,2013071604,1326
2549,2013071605,1239
2550,2013071606,1226
2551,2013071607,1252
2552,2013071608,1290
2553,2013071609,1364
2554,2013071610,1493
2555,2013071611,1634
2556,2013071612,1738
2557,2013071613,1836
2558,2013071614,1961
2559,2013071615,2070
2560,2013071616,2122
2561,2013071617,2174
2562,2013071618,2269
2563,2013071619,2347
2564,2013071620,2346
2565,2013071621,2313
2566,2013071622,2278
2567,2013071623,2180
2568,2013071700,1990
2569,2013071701,1789
2570,2013071702,1630
2571,2013071703,1486
2572,2013071704,1347
2573,2013071705,1259
2574,2013071706,1245
2575,2013071707,1272
2576,2013071708,1310
2577,2013071709,1385
2578,2013071710,1516
2579,2013071711,1658
2580,2013071712,1764
2581,2013071713,1864
2582,2013071714,1991
2583,2013071715,2102
2584,2013071716,2155
2585,2013071717,2208
2586,2013071718,2305
2587,2013071719,2383
2588,2013071720,2382
2589,2013071721,2348
2590,2013071722,2312
2591,2013071723,2213
2592,2013071800,2020
2593,2013071801,1816
2594,2013071802,1654
2595,2013071803,1509
2596,2013071804,1368
2597,2013071805,1279
2598,2013071806,1265
2599,2013071807,1292
2600,2013071808,1330
2601,2013071809,1406
2602,2013071810,1539
2603,2013071811,1683
2604,2013071812,1791
2605,2013071813,1892
2606,2013071814,2022
2607,2013071815,2134
2608,2013071816,2189
2609,2013071817,2243
2610,2013071818,2341
2611,2013071819,2420
2612,2013071820,2419
2613,2013071821,2383
2614,2013071822,2347
2615,2013071823,2246
2616,2013071900,2050
2617,2013071901,1843
2618,2013071902,1680
2619,2013071903,1532
2620,2013071904,1390
2621,2013071905,1299
2622,2013071906,1285
2623,2013071907,1312
2624,2013071908,1351
2625,2013071909,1428
2626,2013071910,1562
2627,2013071911,1709
2628,2013071912,1818
2629,2013071913,1921
2630,2013071914,2053
2631,2013071915,2168
2632,2013071916,2223
2633,2013071917,2278
2634,2013071918,2377
2635,2013071919,2457
2636,2013071920,2456
2637,2013071921,2419
2638,2013071922,2382
2639,2013071923,2279
2640,2013072000,2081
2641,2013072001,1871
2642,2013072002,1706
2643,2013072003,1556
2644,2013072004,1411
2645,2013072005,1320
2646,2013072006,1305
2647,2013072007,1332
2648,2013072008,1372
2649,2013072009,1450
2650,2013072010,1586
2651,2013072011,1734
2652,2013072012,1845
2653,2013072013,1950
2654,2013072014,2085
2655,2013072015,2201
2656,2013072016,2258
2657,2013072017,2314
2658,2013072018,2415
2659,2013072019,2495
2660,2013072020,2493
2661,2013072021,2456
2662,2013072022,2418
2663,2013072023,2313
2664,2013072100,2112
2665,2013072101,1900
2666,2013072102,1732
2667,2013072103,1580
2668,2013072104,1434
2669,2013072105,1341
2670,2013072106,1326
2671,2013072107,1353
2672,2013072108,1393
2673,2013072109,1472
2674,2013072110,1610
2675,2013072111,1761
2676,2013072112,1873
2677,2013072113,1980
2678,2013072114,2117
2679,2013072115,2235
2680,2013072116,2294
2681,2013072117,2351
2682,2013072118,2452
2683,2013072119,2534
2684,2013072120,2531
2685,2013072121,2493
2686,2013072122,2454
2687,2013072123,2347
2688,2013072200,2144
2689,2013072201,1928
2690,2013072202,1758
2691,2013072203,1604
2692,2013072204,1456
2693,2013072205,1362
2694,2013072206,1347
2695,2013072207,1374
2696,2013072208,1415
2697,2013072209,1495
2698,2013072210,1635
2699,2013072211,1787
2700,2013072212,1902
2701,2013072213,2011
2702,2013072214,2150
2703,2013072215,2270
2704,2013072216,2330
2705,2013072217,2388
2706,2013072218,2491
2707,2013072219,2573
2708,2013072220,2570
2709,2013072221,2531
2710,2013072222,2491
2711,2013072223,2382
2712,2013072300,2176
2713,2013072301,1958
2714,2013072302,1785
2715,2013072303,1629
2716,2013072304,1479
2717,2013072305,1384
2718,2013072306,1368
2719,2013072307,1396
2720,2013072308,1437
2721,2013072309,1518
2722,2013072310,1659
2723,2013072311,1814
2724,2013072312,1931
2725,2013072313,2041
2726,2013072314,2183
2727,2013072315,2305
2728,2013072316,2366
2729,2013072317,2425
2730,2013072318,2530
2731,2013072319,2613
2732,2013072320,2609
2733,2013072321,2569
2734,2013072322,2528
2735,2013072323,2418
2736,2013072400,2209
2737,2013072401,1987
2738,2013072402,1813
2739,2013072403,1655
2740,2013072404,1502
2741,2013072405,1406
2742,2013072406,1390
2743,2013072407,1418
2744,2013072408,1459
2745,2013072409,1541
2746,2013072410,1685
2747,2013072411,1842
2748,2013072412,1960
2749,2013072413,2073
2750,2013072414,2216
2751,2013072415,2341
2752,2013072416,2403
2753,2013072417,2463
2754,2013072418,2569
2755,2013072419,2653
2756,2013072420,2649
2757,2013072421,2608
2758,2013072422,2566
2759,2013072423,2454
2760,2013072500,2242
2761,2013072501,2017
2762,2013072502,1840
2763,2013072503,1680
2764,2013072504,1526
2765,2013072505,1428
2766,2013072506,1412
2767,2013072507,1440
2768,2013072508,1482
2769,2013072509,1565
2770,2013072510,1710
2771,2013072511,1869
2772,2013072512,1990
2773,2013072513,2104
2774,2013072514,2250
2775,2013072515,2377
2776,2013072516,2441
2777,2013072517,2502
2778,2013072518,2609
2779,2013072519,2694
2780,2013072520,2690
2781,2013072521,2648
2782,2013072522,2604
2783,2013072523,2490
2784,2013072600,2275
2785,2013072601,2048
2786,2013072602,1868
2787,2013072603,1706
2788,2013072604,1550
2789,2013072605,1450
2790,2013072606,1434
2791,2013072607,1462
2792,2013072608,1505
2793,2013072609,1589
2794,2013072610,1736
2795,2013072611,1898
2796,2013072612,2020
2797,2013072613,2136
2798,2013072614,2285
2799,2013072615,2414
2800,2013072616,2479
2801,2013072617,2541
2802,2013072618,2650
2803,2013072619,2735
2804,2013072620,2731
2805,2013072621,2688
2806,2013072622,2643
2807,2013072623,2527
2808,2013072700,2309
2809,2013072701,2079
2810,2013072702,1897
2811,2013072703,1733
2812,2013072704,1574
2813,2013072705,1473
2814,2013072706,1456
2815,2013072707,1485
2816,2013072708,1528
2817,2013072709,1613
2818,2013072710,1763
2819,2013072711,1926
2820,2013072712,2050
2821,2013072713,2169
2822,2013072714,2320
2823,2013072715,2451
2824,2013072716,2518
2825,2013072717,2581
2826,2013072718,2691
2827,2013072719,2778
2828,2013072720,2773
2829,2013072721,2729
2830,2013072722,2683
2831,2013072723,2565
2832,2013072800,2344
2833,2013072801,2111
2834,2013072802,1926
2835,2013072803,1759
2836,2013072804,1599
2837,2013072805,1497
2838,2013072806,1479
2839,2013072807,1508
2840,2013072808,1552
2841,2013072809,1638
2842,2013072810,1790
2843,2013072811,1955
2844,2013072812,2081
2845,2013072813,2202
2846,2013072814,2356
2847,2013072815,2489
2848,2013072816,2557
2849,2013072817,2622
2850,2013072818,2733
2851,2013072819,2820
2852,2013072820,2815
2853,2013072821,2770
2854,2013072822,2723
2855,2013072823,2603
2856,2013072900,2379
2857,2013072901,2143
2858,2013072902,1956
2859,2013072903,1787
2860,2013072904,1624
2861,2013072905,1520
2862,2013072906,1503
2863,2013072907,1532
2864,2013072908,1576
2865,2013072909,1663
2866,2013072910,1817
2867,2013072911,1985
2868,2013072912,2113
2869,2013072913,2236
2870,2013072914,2392
2871,2013072915,2528
2872,2013072916,2597
2873,2013072917,2663
2874,2013072918,2776
2875,2013072919,2864
2876,2013072920,2858
2877,2013072921,2812
2878,2013072922,2764
2879,2013072923,2642
2880,2013073000,2415
2881,2013073001,2175
2882,2013073002,1986
2883,2013073003,1814
2884,2013073004,1649
2885,2013073005,1545
2886,2013073006,1527
2887,2013073007,1556
2888,2013073008,1600
2889,2013073009,1689
2890,2013073010,1844
2891,2013073011,2015
2892,2013073012,2145
2893,2013073013,2270
2894,2013073014,2429
2895,2013073015,2567
2896,2013073016,2638
2897,2013073017,2705
2898,2013073018,2819
2899,2013073019,2908
2900,2013073020,2902
2901,2013073021,2855
2902,2013073022,2805
2903,2013073023,2681
2904,2013073100,2451
2905,2013073101,2208
2906,2013073102,2016
2907,2013073103,1842
2908,2013073104,1675
2909,2013073105,1569
2910,2013073106,1551
2911,2013073107,1580
2912,2013073108,1625
2913,2013073109,1715
2914,2013073110,1873
2915,2013073111,2045
2916,2013073112,2178
2917,2013073113,2305
2918,2013073114,2467
2919,2013073115,2607
2920,2013073116,2679
2921,2013073117,2748
2922,2013073118,2864
2923,2013073119,2953
2924,2013073120,2946
2925,2013073121,2898
2926,2013073122,2847
2927,2013073123,2721
